,train,val,test
0,TCGA-A3-3306-01A-01-BS1.ef6c8f90-9706-49b4-b268-299f64d4ad79,TCGA-A3-3313-01A-01-BS1.199569f4-1c87-4e29-9c63-348ea2f93383,TCGA-6D-AA2E-01A-01-TSA.FD152D89-2892-4DE1-90BF-AC40CF13A4F4
1,TCGA-A3-3306-01A-01-TS1.fc5615fb-ace2-439e-9833-c977fdb426a0,TCGA-A3-3313-01A-01-TS1.7097e2d3-1ffd-477e-a7a6-ce1d3180b50c,TCGA-6D-AA2E-01Z-00-DX1.81E7420E-9C8B-4076-A604-F2B2AD3340D5
2,TCGA-A3-3306-01Z-00-DX1.bfd320d3-f3ec-4015-b34a-98e9967ea80d,TCGA-A3-3313-01A-02-BS2.c90d3ea0-6eed-4711-b617-4195da87c2be,TCGA-A3-3307-01A-01-BS1.1ef6c290-c223-4e91-a984-e39b827ef967
3,TCGA-A3-3308-01A-01-BS1.8399fb8b-53a2-4873-a9df-e1d889cc8cd3,TCGA-A3-3313-01Z-00-DX1.10f8cd5e-1c4f-4bb4-96f3-c612f093fc80,TCGA-A3-3307-01A-01-TS1.1b385aec-9f0b-4790-a12a-75f74ccc6133
4,TCGA-A3-3308-01A-01-TS1.a0d81fc1-9d20-4f75-a4b4-c9657b8f45ed,TCGA-A3-3316-01A-01-BS1.5c8412f2-340b-4fb3-9bba-6d8b4cb8a794,TCGA-A3-3307-01Z-00-DX1.E9BB41BE-9F96-49A7-8164-A7E715A00EB9
5,TCGA-A3-3308-01A-02-BS2.02b48821-1afa-42f0-80cd-c8b2832d6b51,TCGA-A3-3316-01A-01-TS1.c079b6ca-767c-4afa-9fd3-99cb238b41b0,TCGA-A3-3311-01A-01-BS1.23bb6981-c0bc-4f6f-ae6c-8b509fccbaf4
6,TCGA-A3-3308-01Z-00-DX1.bbd79ced-9fb9-4601-8ba0-b343da5f6f5b,TCGA-A3-3316-01Z-00-DX1.d6248cf8-7b02-4dce-8c91-1b91751cf1ee,TCGA-A3-3311-01A-01-TS1.a500f433-fd4c-4e7a-8da2-36487338066a
7,TCGA-A3-3319-01A-01-BS1.89b0df5d-7191-4d4c-8fbe-051d2209de47,TCGA-A3-3329-01A-01-BS1.ebb876a2-ae65-4a58-90e7-9da5e5a71426,TCGA-A3-3311-01A-02-BS2.08cbd97a-3aaa-4b4b-b24e-5415c201cb39
8,TCGA-A3-3319-01A-01-TS1.54701967-fb22-4f97-b7e0-8333d9d14044,TCGA-A3-3329-01A-01-TS1.a2a764d6-a47a-42c7-9436-1e709c0860ef,TCGA-A3-3311-01Z-00-DX1.9674290b-42c6-4107-9eb3-a7d712fbf858
9,TCGA-A3-3319-01A-02-BS2.4f52437b-da24-4c31-86f4-4173e279bb70,TCGA-A3-3329-01Z-00-DX1.4da187d6-f0d4-4f4b-95d3-c12d660d4bb2,TCGA-A3-3317-01A-01-BS1.45f7314f-2cfd-42b5-bf32-0af5e7599806
10,TCGA-A3-3319-01Z-00-DX1.38d515b4-6488-421a-9d61-d1e92d98ddbe,TCGA-A3-3335-01A-01-BS1.27ba0222-1107-471f-84d2-7f05a1841f02,TCGA-A3-3317-01A-01-TS1.5efb00df-c31d-4069-b2a2-746c33c4fdb9
11,TCGA-A3-3320-01A-01-BS1.047ca0b0-4e73-4413-afe8-6de5c26309df,TCGA-A3-3335-01A-01-TS1.2f75ad51-f890-475e-8b1f-c6e98cffe1b1,TCGA-A3-3317-01A-02-BS2.de18fab0-8419-4262-9138-e8d1c81cb1b7
12,TCGA-A3-3320-01A-01-TS1.608adf38-5bc5-439e-bc36-4d467b4c1ad7,TCGA-A3-3335-01Z-00-DX1.b36f9bd5-d005-4d81-ac3e-c768502ca06b,TCGA-A3-3317-01Z-00-DX1.ca503755-bfa6-462b-b37e-09e8ca97edeb
13,TCGA-A3-3320-01A-02-BS2.050de1b6-4a2a-4d71-be42-5c4213b33abe,TCGA-A3-A6NL-01A-01-TS1.08692307-9866-4A8E-8497-1D0DFBA2915D,TCGA-A3-3324-01A-01-BS1.671204d4-ceb8-4ebe-8a8b-e576e25eec5e
14,TCGA-A3-3320-01Z-00-DX1.81f8b962-a7a3-43ba-ab12-d92eb91f97b2,TCGA-A3-A6NL-01Z-00-DX1.7796AE2F-CC39-4266-A740-DBB04ACA869D,TCGA-A3-3324-01A-01-TS1.6b9f8ddc-cb1a-4bb4-93d2-a1e7854e70c6
15,TCGA-A3-3322-01A-01-BS1.6c25729c-ccf4-401e-a0a9-cebb4d98cff5,TCGA-A3-A8CQ-01A-01-TS1.A840AF08-DC0D-44CE-948F-3F468C3C1C58,TCGA-A3-3324-01A-02-BS2.bf82c506-b8b3-4f8a-b33a-7ba5b7dc6f0b
16,TCGA-A3-3322-01A-01-TS1.a16cf9e1-1d4a-4744-abc8-1ea959d59861,TCGA-A3-A8CQ-01Z-00-DX1.78DA0827-5FB8-4B9F-A845-22F85830B5FB,TCGA-A3-3324-01Z-00-DX1.43959e95-b823-4614-9552-52a432f7d115
17,TCGA-A3-3322-01A-02-BS2.ba15e11e-b727-41d8-a7b8-6077e256d40d,TCGA-A3-A8OX-01A-01-TS1.AC6B56FC-8829-423A-A816-362525C0EE65,TCGA-A3-3346-01A-01-BS1.e416683e-737c-413a-865e-2395a026819e
18,TCGA-A3-3322-01Z-00-DX1.9d583339-7726-4eab-a3fb-1a1f2abf8fcf,TCGA-A3-A8OX-01Z-00-DX1.5A010A2C-0F08-4FF7-A78B-B42198DAF505,TCGA-A3-3346-01A-01-TS1.e3ae0c39-d2a4-4dd8-937f-596891832dba
19,TCGA-A3-3323-01A-01-BS1.290253cd-e26f-4722-b587-d1e827f91664,TCGA-AK-3429-01A-01-BS1.4c4d79d0-95b5-4a10-9b76-b19550a37c54,TCGA-A3-3346-01Z-00-DX1.95280216-fd71-4a03-b452-6e3d667f2542
20,TCGA-A3-3323-01A-01-TS1.99dddd9b-d9b9-4aa2-a2f8-b5354b86368e,TCGA-AK-3429-01A-01-TS1.81c6ec51-5a35-42f6-b5a4-711d57b19cea,TCGA-A3-3376-01A-01-BS1.d3f6c51c-363d-442d-a136-948ef43c7680
21,TCGA-A3-3323-01A-02-BS2.92c6fa5e-4c91-4e51-850a-8a9160446aeb,TCGA-AK-3429-01A-02-BS2.c8ce6f37-faaa-4314-8385-04af5cd93945,TCGA-A3-3376-01A-02-BS2.19d62061-369a-4cdf-8e8b-c142dcc2bf64
22,TCGA-A3-3323-01Z-00-DX1.8225cfd4-6b2c-48b8-bd78-fd574557b4e8,TCGA-AK-3429-01Z-00-DX1.3501F4D9-4764-4D30-A5BC-B0FF1A494CFE,TCGA-A3-3376-01Z-00-DX1.f386e709-91ae-43b3-8835-b9f878bff2e0
23,TCGA-A3-3325-01A-01-BS1.ddf1de16-5278-46fa-a6d5-58540133127b,TCGA-AK-3455-01A-01-BS1.0f341a56-fd3b-47e0-8417-5e3256f80d5a,TCGA-A3-A6NI-01A-01-TS1.1CB452F5-5B2F-48F2-BFF4-F44E91ED29F1
24,TCGA-A3-3325-01A-01-TS1.5eafee3d-f0b2-49d1-a742-48a24612f7e4,TCGA-AK-3455-01A-01-TS1.db7cbc9a-260b-45ba-a7b5-b3b2c77d0def,TCGA-A3-A6NI-01Z-00-DX1.F7C8BE3C-D2B9-4374-BBB7-64C7CE11C0E1
25,TCGA-A3-3325-01Z-00-DX1.53D2B035-AD02-4B52-803B-1CE584C59175,TCGA-AK-3455-01Z-00-DX1.58C308CD-4338-47E2-A8B0-EA0649F33358,TCGA-A3-A8OV-01A-01-TS1.B36FECA3-1413-45F8-BBBF-CACC6CCE6E69
26,TCGA-A3-3326-01A-01-BS1.c397674c-9338-4cfe-a8d1-645e3f43bace,TCGA-B0-4693-01A-01-BS1.3cb04593-389b-48e7-bf63-4dc83d0b1912,TCGA-A3-A8OV-01Z-00-DX1.ABA46896-E96D-4208-B0E3-4712F04175D4
27,TCGA-A3-3326-01A-01-TS1.ff9f4bed-188f-4c97-979b-e790f4a5c6e4,TCGA-B0-4693-01A-01-TS1.ab79e8c3-1e6b-4ce0-b715-9921431c650e,TCGA-AK-3428-01A-01-BS1.b18c39e9-a5bb-4aec-a13e-f30d9e932130
28,TCGA-A3-3326-01Z-00-DX1.2caeb5df-3522-4205-80ca-3373026f49b9,TCGA-B0-4693-01Z-00-DX1.1e9a856a-1172-4db8-887a-b65fff644798,TCGA-AK-3428-01A-02-BS2.6df6fe6f-5701-4ec4-965a-64962eca282e
29,TCGA-A3-3328-01A-01-BS1.cba39f7f-a590-4a0e-af2b-1d6ba351cb69,TCGA-B0-4811-01A-01-BS1.618e0f9d-4942-407a-839f-1cd53165250e,TCGA-AK-3428-01Z-00-DX1.E437BB00-F731-4B71-9A78-5BC7CA0F08AF
30,TCGA-A3-3328-01A-01-TS1.b7b9ec21-2754-4869-802c-92ee54972b19,TCGA-B0-4811-01A-01-TS1.79510344-0a91-423e-abb6-1e5f0828b2c1,TCGA-B0-4822-01A-01-BS1.09f9d701-3ff3-441b-98b8-5b00bdce3f31
31,TCGA-A3-3328-01Z-00-DX1.8FA7DFCD-D6FD-4950-9E44-E5AB0B91E33D,TCGA-B0-4811-01Z-00-DX1.8872dd8e-d119-4928-8639-801bf89ddd6a,TCGA-B0-4822-01A-01-TS1.bf16e3a2-764a-473d-98b3-0975491d139a
32,TCGA-A3-3331-01A-01-BS1.f145354e-a747-4051-8703-5b08ba99c230,TCGA-B0-4843-01A-01-BS1.9f407a60-c968-47ae-b7d4-6827f1fe4b8c,TCGA-B0-4822-01Z-00-DX1.02168abf-0d65-4bdf-b740-e1e082dd9d03
33,TCGA-A3-3331-01A-01-TS1.d69adee0-7809-49c1-8f32-4250d5f65980,TCGA-B0-4843-01A-01-TS1.50e3a2cb-5ca0-46d5-9fcb-c85d902cfb38,TCGA-B0-4837-01A-01-BS1.6fe02c11-0cbc-48dc-beec-bbf6218d7792
34,TCGA-A3-3331-01A-02-BS2.364b4180-1427-44aa-ae58-517b03f097ed,TCGA-B0-4843-01Z-00-DX1.22597d5c-43e9-4ed1-a2c2-68d2f70fd5c4,TCGA-B0-4837-01A-01-TS1.7e3aef17-78a5-41d5-8a1b-d803612dedbc
35,TCGA-A3-3331-01Z-00-DX1.13afd793-4360-43db-9c99-1e72e4b158d7,TCGA-B0-5084-01A-01-BS1.56e0bdc9-f7b6-4b5f-85c5-31c4f592bc9f,TCGA-B0-4837-01Z-00-DX1.ecceeb39-a226-4ad3-8d0f-c73d7430b78b
36,TCGA-A3-3336-01A-01-BS1.386e4d76-c955-46e8-a177-01c60ed2b2a8,TCGA-B0-5084-01A-01-TS1.9299daa7-2f37-44ac-b92d-580fda04d21c,TCGA-B0-4845-01A-01-BS1.902492e8-a6fa-4a93-b050-c2f56bcb3fcc
37,TCGA-A3-3336-01A-01-TS1.a5c05841-a537-4b50-a71d-63ce5adf04fe,TCGA-B0-5084-01Z-00-DX1.550d2568-2aa9-42c8-9b21-fd66aea9c809,TCGA-B0-4845-01A-01-TS1.15bf9ec5-ba50-4468-bb71-ff3f2b5dd9a0
38,TCGA-A3-3336-01Z-00-DX1.F2848BBF-DCDF-4AB0-837C-99A88CC5A49A,TCGA-B0-5085-01A-01-BS1.f9c25e3a-712c-47cd-8384-40f5c0e4ffc3,TCGA-B0-4845-01Z-00-DX1.1d063483-26f6-4534-9fb0-f66f5d46a38c
39,TCGA-A3-3343-01A-01-BS1.79c964f5-ae92-447b-9fed-2317026f6ea6,TCGA-B0-5085-01A-01-TS1.a22e7529-2956-496d-ad90-d4b2b80b8934,TCGA-B0-4848-01A-01-BS1.57517f1a-07ec-4015-a7db-55fec9992dc2
40,TCGA-A3-3343-01A-01-TS1.caaeb264-746d-4154-bb93-d918fd2cf7c4,TCGA-B0-5085-01Z-00-DX1.29c82ff0-9e4d-477f-a8d9-8931c69e58f8,TCGA-B0-4848-01A-01-TS1.7544c478-72ac-46cd-a176-24aa6b9e0e25
41,TCGA-A3-3343-01Z-00-DX1.938861e3-e813-4954-838d-a3a64030bd4c,TCGA-B0-5095-01A-01-BS1.aa81568a-ec1d-4d37-855b-abd32f2a2942,TCGA-B0-4848-01Z-00-DX1.ceef08c2-711e-434f-a1de-71b538be2fd4
42,TCGA-A3-3347-01A-01-BS1.cfde2904-c7cf-42ab-b514-5b95b178dd9c,TCGA-B0-5095-01A-01-TS1.8c12ef3f-8bae-4cc0-80d9-d665a2665fcc,TCGA-B0-5088-01A-01-BS1.9b3e3457-9cc3-4d68-a2a2-0d29e84a4c1d
43,TCGA-A3-3347-01A-01-TS1.47e023b7-c007-426a-9655-4f62d68fbd20,TCGA-B0-5095-01Z-00-DX1.4f173713-aa67-458f-82b5-7d2a46b7fb29,TCGA-B0-5088-01A-01-TS1.d6eb9c0d-c866-4473-862c-5fd5f41b499f
44,TCGA-A3-3347-01A-02-BS2.13d8fe0e-0a63-4b08-a6e5-5a68b354e08e,TCGA-B0-5119-01A-01-BS1.5a71c53d-2a96-412b-9123-cf8ba697d187,TCGA-B0-5088-01Z-00-DX1.69bb79f8-33cc-4c9c-be63-323e5470fdde
45,TCGA-A3-3347-01Z-00-DX1.a06c9ca5-97d5-46a8-95e5-7bf9570a6dc7,TCGA-B0-5119-01A-02-BS2.8481037e-0f2d-407f-8252-eae2e87cb71c,TCGA-B0-5120-01A-01-BS1.78d873e0-037f-4aef-8725-7c651598b1f8
46,TCGA-A3-3349-01A-01-BS1.4ef8f800-58b3-4393-ac25-2acd8a8c2e07,TCGA-B0-5119-01Z-00-DX1.0efec19e-0a46-4951-926b-d172fb90b2a1,TCGA-B0-5120-01A-01-TS1.43d8cec7-f5a0-45d5-a5f8-cc77d6b7b539
47,TCGA-A3-3349-01A-01-TS1.9cf03770-d0c1-4caa-835e-d446044ddd33,TCGA-KL-8329-01A-01-BS1.4336696d-3c9f-4113-acf2-a8bfaef6bfbc,TCGA-KL-8327-01A-01-BS1.8309bcf0-d145-4d76-8199-a0cfd5f61133
48,TCGA-A3-3349-01Z-00-DX1.206c2817-1b93-4fdf-8128-3f6e3b4935b6,TCGA-KL-8329-01A-01-TS1.be7430ff-15f5-48ef-abd8-65fc15be9866,TCGA-KL-8327-01Z-00-DX1.f3009cdc-baf7-45ba-95a6-1b6311799cc8
49,TCGA-A3-3351-01A-01-BS1.1b700839-c565-46aa-8df4-7566b3a98a47,TCGA-KL-8329-01Z-00-DX1.6c9000ef-34ff-4e44-84b3-755a868f6a4e,TCGA-KL-8332-01A-01-BS1.5b2e086c-87b9-4bb0-91a8-f53352317671
50,TCGA-A3-3351-01A-01-TS1.39ba22b2-84af-4329-a8b8-674d0efa8736,TCGA-KM-8639-01Z-00-DX1.13E1C61C-16F6-4FC5-B1D2-DDBF7DE16639,TCGA-KM-8440-01A-01-TS1.a8cd8d04-9585-45ec-824b-f9918d4b9425
51,TCGA-A3-3351-01A-02-BS2.aecd33ba-6d31-4b67-b4c0-915715fd5590,TCGA-KM-A7QK-01Z-00-DX1.8D69EA34-F28A-4267-8A82-159FB2B7008B,TCGA-KM-A7QG-01Z-00-DX1.7275EEF1-1D4E-4471-89C3-5B99EC03515E
52,TCGA-A3-3351-01Z-00-DX1.bbfb3f8b-ef35-423a-b13f-7ccf6438b01f,TCGA-KN-8419-01A-01-BS1.fc197c40-f86b-46ac-b476-d25bdadbb342,TCGA-KN-8427-01A-01-TS1.65048f43-881b-4fe6-8174-6462661c8570
53,TCGA-A3-3352-01A-01-BS1.a9600d95-12d3-481d-b456-3998590c2ef1,TCGA-KN-8419-01A-01-TS1.810643b9-f340-4120-b0ff-2eaaa622e71f,TCGA-KN-8432-01A-01-BS1.41dfe033-2b15-4e2d-95f1-6b777fc40013
54,TCGA-A3-3352-01A-01-TS1.d3c4f914-3145-4f6c-911f-46fd569589d1,TCGA-KN-8422-01A-01-TS1.970b2275-a5b8-48f9-8963-18aa09009532,TCGA-KN-8432-01Z-00-DX1.D4136A31-C2DC-432C-96FB-FD5EE47ECC0D
55,TCGA-A3-3352-01Z-00-DX1.a2f02c84-0201-417c-a719-7964f5fbfd3c,TCGA-KN-8422-01Z-00-DX1.26F9BF86-6D2C-4C99-BFEB-A3708AD48734,TCGA-2Z-A9JM-01A-01-TS1.BF532F50-3AC1-4B5A-AC68-4BE2E727070C
56,TCGA-A3-3357-01A-01-BS1.0fd41a0b-3de7-4e96-8f8e-f62711e68eb7,TCGA-KN-8429-01A-01-BS1.1e1502e9-27ea-4f18-8ecd-ed9334b80a56,TCGA-2Z-A9JM-01Z-00-DX1.57F0B96B-E171-418E-8B89-AF434B4E0DB9
57,TCGA-A3-3357-01A-02-BS2.107f636a-dbe1-4673-8fc6-61c2f5b05dd5,TCGA-KN-8429-01A-01-TS1.615be07b-0acb-457b-b5ff-85a770a5e78d,TCGA-4A-A93W-01A-01-TS1.0B37532F-37A3-433F-ADAC-36055FDF0E21
58,TCGA-A3-3357-01Z-00-DX1.b85a8293-7b4f-4a8a-b799-77d7d7b39b3e,TCGA-KN-8429-01Z-00-DX1.473181A7-5F6A-4B68-B6E0-44EF34F67DA0,TCGA-4A-A93W-01Z-00-DX1.3F8E704D-C10C-451F-8CDD-328BDBEEFAF2
59,TCGA-A3-3358-01A-01-BS1.d6175366-e800-4a88-a917-a65bfa0a0e24,TCGA-2Z-A9J5-01A-02-TS2.219F4BC7-85E5-4989-84E5-1E8F7D12B28D,TCGA-A4-8630-01A-01-TS1.dffd3cf7-69f4-4bc4-bb65-aaac04bdb640
60,TCGA-A3-3358-01A-01-TS1.461245d8-0ac1-4bf2-8433-9414fdda0831,TCGA-2Z-A9J5-01Z-00-DX1.ABD15820-58CA-4765-ACB3-6601FC5C9F24,TCGA-A4-8630-01Z-00-DX1.D00486C1-1E74-4B8A-AC00-9E2365F20383
61,TCGA-A3-3358-01Z-00-DX1.1bd1c720-f6db-4837-8f83-e7476dd2b0a3,TCGA-2Z-A9J8-01A-01-TS1.1AFD96B6-CB1C-4161-BC3D-306E368A054D,TCGA-A4-A4ZT-01A-01-TS1.84BE1104-3757-47DE-B5A1-7B0FFE32C1FC
62,TCGA-A3-3359-01A-01-BS1.ac51a265-87ec-4fe8-9223-1cef15d2fb88,TCGA-2Z-A9J8-01Z-00-DX1.27D9327E-905A-418B-BDC1-B2320D98F5F3,TCGA-A4-A4ZT-01Z-00-DX1.AC68E09D-FE10-409E-98A5-28A54343C87E
63,TCGA-A3-3359-01A-01-TS1.801d95ac-2ca0-44d0-a0da-36021985c461,TCGA-5P-A9K2-01A-01-TS1.9BF1A5B2-1213-4A4E-B3CD-1665A002D37F,TCGA-AL-3473-01A-01-BS1.1afa70d8-c971-43c0-a977-b4fd9509c041
64,TCGA-A3-3359-01Z-00-DX1.D473A2D2-AE66-469D-80A1-584598335E17,TCGA-5P-A9K2-01Z-00-DX1.E89BEA4D-E0DA-4A5B-8938-C88332B67E03,TCGA-AL-3473-01A-01-TS1.a4442b72-6999-450d-b55b-d52bbec3695d
65,TCGA-A3-3362-01A-01-BS1.d5038c78-b3c5-41b8-b1bb-279430f143fb,TCGA-5P-A9KC-01A-01-TS1.9D66387D-286E-4F91-861D-522CC1C5BC8C,TCGA-AL-3473-01Z-00-DX1.F3F992D2-D920-4791-A396-978D6E5529DE
66,TCGA-A3-3362-01A-01-TS1.3cf734b2-0cba-477e-803e-5d97306b511c,TCGA-A4-7286-01Z-00-DX1.cce3e96e-f940-4279-a1c3-16811eb712ac,TCGA-AL-3473-01Z-00-DX2.B1F73FC7-01EA-4B25-851F-A51B389DAA4A
67,TCGA-A3-3362-01A-02-BS2.6dd70e55-a17c-49c3-9d35-639f28822044,TCGA-A4-7287-01Z-00-DX1.f69967b8-efb3-452d-9f0d-2ddb08cbbe08,TCGA-B1-A656-01A-01-TS1.184A92A6-67FD-41E9-B7FB-1B717437AF3D
68,TCGA-A3-3362-01Z-00-DX1.69196ce3-b7ec-4e76-966d-18aeb48f103c,TCGA-A4-7585-01A-01-BS1.35cc836c-aca5-4d04-aaa6-84db8bfb202e,TCGA-B1-A657-01A-01-TSA.7B4832C3-7260-4827-B83B-5C3F42EEE632
69,TCGA-A3-3363-01A-01-BS1.8300d490-5a5b-4535-8703-3ce77f373056,TCGA-A4-7585-01A-01-TS1.11cf2ebf-1c39-498f-809e-6ee7a783aa3b,TCGA-B3-3926-01A-01-BS1.e22955cd-7c71-44db-8387-826dfccf1be0
70,TCGA-A3-3363-01A-01-TS1.148324da-14ff-459f-a14c-9a67ef608a0d,TCGA-A4-7585-01Z-00-DX1.47f27533-7c8d-4df3-bd7c-586d5fbdf1fc,TCGA-B3-3926-01A-01-TS1.970e79b4-ab56-49a8-820b-1a3e63c46056
71,TCGA-A3-3363-01Z-00-DX1.6d933fa1-b68c-483f-819c-5a85f0389e6c,TCGA-A4-7732-01Z-00-DX1.e5038a3e-cdc3-4301-adcb-dfa05280389c,TCGA-B3-3926-01A-02-BS2.9938cb2e-ce3a-4e0d-919f-fcc43810bff4
72,TCGA-A3-3365-01A-01-BS1.0ac64da7-38be-4c9c-b972-4835d1ad2db0,TCGA-A4-7915-01A-01-BS1.104eec21-d402-4ef9-a9cd-5f41285be0ab,TCGA-B3-3926-01Z-00-DX1.c08ae7f5-da56-497b-899a-025697f03ff1
73,TCGA-A3-3365-01A-01-TS1.88462253-777c-4c91-9974-55b3bece8e28,TCGA-A4-7915-01A-01-TS1.9fe84197-d7c3-4431-be35-8ff3014e2f67,TCGA-B9-4113-01A-01-BS1.1bc1893f-5f2f-4928-b621-b6356fb0fe00
74,TCGA-A3-3365-01Z-00-DX1.dc5b8d77-b5ba-47c8-b536-a8f1ed458ed3,TCGA-A4-7915-01Z-00-DX1.856b7fe5-bb58-48a4-a967-52d4e947a814,TCGA-B9-4113-01A-01-TS1.44d25a1e-275b-4d52-b300-57d10935dc9d
75,TCGA-A3-3365-01Z-00-DX2.f6512c55-1887-495f-b628-9ee203ad59e9,TCGA-A4-8310-01A-01-TS1.e84335d9-49fe-4e12-86b9-65fb916483a1,TCGA-B9-4113-01Z-00-DX1.91e4a568-8f5b-4726-8352-94adf056f912
76,TCGA-A3-3367-01A-01-BS1.24438289-2813-4eb9-a8a6-cd40e331e9f7,TCGA-A4-8310-01Z-00-DX1.62A765FE-C8B8-4017-A37A-CD7B66CB07AD,TCGA-B9-7268-01A-01-BS1.3489bc75-375a-4796-8c07-d402bcd0276c
77,TCGA-A3-3367-01A-02-BS2.45d798d5-5f36-4246-bf46-282c1bac55e6,TCGA-A4-8518-01A-01-TS1.76bccfde-5002-4031-8f8c-6bc02aa626b2,TCGA-B9-7268-01A-01-TS1.40be3df4-ce40-4db6-847c-46c484642806
78,TCGA-A3-3367-01Z-00-DX1.9fca6a91-bb71-4632-8b20-e9f4d7030699,TCGA-A4-8518-01Z-00-DX1.D521C865-A3A0-4C23-B36C-D58BB73A3007,TCGA-B9-7268-01Z-00-DX1.6F3C101D-49F1-43B4-AFEB-C5F55054E27D
79,TCGA-A3-3370-01A-01-BS1.93cda19a-05c2-455d-8a91-d941887b1364,TCGA-B9-5155-01A-01-BS1.f54e258d-2541-4922-86bc-c0449cf12500,TCGA-B9-A5W7-01A-01-TS1.473A39D9-8D5C-44B9-849E-7A643754EBB6
80,TCGA-A3-3370-01A-02-BS2.136010c2-0660-481a-b13b-a7dc4da9af6d,TCGA-B9-5155-01A-01-TS1.e0f905d9-5431-4f6f-860e-aadb287a43f2,TCGA-B9-A5W7-01Z-00-DX1.88047FCF-9813-480C-B2E6-AE1B5A6773F3
81,TCGA-A3-3370-01Z-00-DX1.85c55ab4-8f44-4e76-af56-d42226764135,TCGA-B9-5155-01Z-00-DX1.2b95ca13-e30e-4e42-a9a6-cdf908198e6b,TCGA-BQ-5878-01A-01-BS1.12cfb477-4095-4778-a428-2da0aa4a2755
82,TCGA-A3-3372-01A-01-BS1.f8fe24da-00ce-4530-b611-a833eafd725b,,TCGA-BQ-5878-01A-01-TS1.2826e342-5b20-4a50-bf63-e68b0cab059e
83,TCGA-A3-3372-01A-01-TS1.f9a8a3d4-4342-45a5-bdc3-38c2822a4f73,,TCGA-BQ-5878-01Z-00-DX1.13772b1c-0b67-4ce8-84b2-9c516f67a744
84,TCGA-A3-3372-01A-02-BS2.326c7875-3588-4778-b0fc-e496a97cbea4,,
85,TCGA-A3-3372-01Z-00-DX1.6a238433-934b-4a03-a35e-4728658eea84,,
86,TCGA-A3-3373-01A-01-BS1.7a02cdfa-64e3-4a97-a7a7-2ee92a8bdf1c,,
87,TCGA-A3-3373-01A-02-BS2.7fada3c5-8324-4afb-baea-fe8974d5dff4,,
88,TCGA-A3-3373-01Z-00-DX1.681dd573-9832-4739-92b5-5cdf6e993802,,
89,TCGA-A3-3374-01A-01-BS1.01aa6131-ef57-46a0-8af8-eaea4708bda1,,
90,TCGA-A3-3374-01A-01-TS1.7ddb3274-6b0b-453b-9a7f-7e6ac0221752,,
91,TCGA-A3-3374-01A-02-BS2.430d325c-c7a2-4a54-91c1-2794a548b111,,
92,TCGA-A3-3374-01Z-00-DX1.560b8f9f-5195-43e0-be52-73aede19e077,,
93,TCGA-A3-3378-01A-01-BS1.a3439d1a-7f23-4cb0-b940-d2e8f27ab13e,,
94,TCGA-A3-3378-01A-01-TS1.d09b8313-7f91-4dfb-8856-85dba72524f6,,
95,TCGA-A3-3378-01A-02-BS2.2752cbb2-4d11-4e93-9ee6-db03faa8e676,,
96,TCGA-A3-3378-01Z-00-DX1.71ddeb47-c8e2-4ae8-b481-50f73c905e16,,
97,TCGA-A3-3380-01A-01-BS1.b95452fd-f1dd-4cc3-9a45-49c9d607c161,,
98,TCGA-A3-3380-01A-01-TS1.6455da58-f102-4927-9c84-da7a3e585766,,
99,TCGA-A3-3380-01Z-00-DX1.67e52764-4c94-42b5-a725-4f61a86b49fe,,
100,TCGA-A3-3382-01A-01-BS1.82e2e8be-4116-4300-96f7-9de32adf4158,,
101,TCGA-A3-3382-01A-01-TS1.3e9a63ad-c628-4527-b49f-5315a13bc91e,,
102,TCGA-A3-3382-01A-02-BS2.28492742-5598-4635-af4c-061dc73d13bd,,
103,TCGA-A3-3382-01Z-00-DX1.38cdb806-248a-4030-8a47-b5ce266991de,,
104,TCGA-A3-3383-01A-01-BS1.3dcf189e-3b99-4a08-a71c-bed030321da7,,
105,TCGA-A3-3383-01A-01-TS1.88a7befa-9b30-451a-9542-e505e0346609,,
106,TCGA-A3-3383-01A-02-BS2.879e15ae-51cc-4305-bf4f-33bc68e21fd0,,
107,TCGA-A3-3383-01Z-00-DX1.47624bec-fdf1-48d6-8cd6-04cad2948117,,
108,TCGA-A3-3385-01A-01-BS1.a6db0617-fbcd-45f0-85e0-b65f5e77acd9,,
109,TCGA-A3-3385-01Z-00-DX1.c7b1827d-aa03-4622-a736-e6f27992b7cd,,
110,TCGA-A3-3387-01A-01-BS1.d3e19b29-19a3-4796-922d-be5248d9b41e,,
111,TCGA-A3-3387-01A-01-TS1.d0719d8d-1e96-407f-b647-06171061db34,,
112,TCGA-A3-3387-01Z-00-DX1.01a24641-ab38-41bc-9151-48e262eb4826,,
113,TCGA-AK-3425-01A-01-BS1.6f1fe1eb-4b90-41b6-8077-16c497f96e0d,,
114,TCGA-AK-3425-01A-02-BS2.278c9767-06ab-43f2-ae1a-4ef2b2e03f43,,
115,TCGA-AK-3425-01Z-00-DX1.39FD616C-3050-41E1-BF80-D2069E492FDE,,
116,TCGA-AK-3426-01A-01-BS1.a6810ce9-2fec-40a0-90f7-0705c4d8e5f0,,
117,TCGA-AK-3426-01A-01-TS1.a6b8dbaa-b8b9-488a-b78f-7d6700d8e542,,
118,TCGA-AK-3426-01A-02-BS2.34a5f640-8ecd-46f8-a495-f89c128b4654,,
119,TCGA-AK-3426-01Z-00-DX1.65794348-1156-4211-B63A-AE2FFF1B0C26,,
120,TCGA-AK-3427-01A-01-BS1.3fe67a9b-bcac-4001-8e67-0685a4e31850,,
121,TCGA-AK-3427-01A-01-TS1.653339be-704d-455a-b3a4-f446ee00d59e,,
122,TCGA-AK-3427-01Z-00-DX1.bddd6316-1f27-40d7-8cdc-e19e58ef420d,,
123,TCGA-AK-3427-01Z-00-DX2.f79ddc05-97bc-49a0-9e0b-25f5e325555a,,
124,TCGA-AK-3430-01A-01-BS1.1ba811d9-4ede-43f1-bfe2-b11db2e00481,,
125,TCGA-AK-3430-01A-01-TS1.b3930d85-b6dc-49c9-8a5b-c529a3b7603d,,
126,TCGA-AK-3430-01Z-00-DX1.71713A92-C495-414B-B3FD-1CF5D0D9F105,,
127,TCGA-AK-3431-01A-01-BS1.cd0602d5-3ed2-4ea3-8805-6915c449fbfb,,
128,TCGA-AK-3431-01A-02-BS2.5948a2ff-2064-4a21-a3ed-d24d18edc3b2,,
129,TCGA-AK-3431-01Z-00-DX1.5D6F4225-F46D-4368-969F-64652FB0DDA9,,
130,TCGA-AK-3433-01A-01-BS1.6a172b3f-730a-4bb4-bef6-4183d62291a2,,
131,TCGA-AK-3433-01A-02-BS2.d8d19f27-dc74-48ce-9788-50df7d7008aa,,
132,TCGA-AK-3433-01Z-00-DX1.53f1ec0a-bb16-4899-bdc7-99c6e61f729e,,
133,TCGA-AK-3434-01A-01-BS1.12a90911-4c15-4af9-811b-3206fbbb708b,,
134,TCGA-AK-3434-01A-02-BS2.f4d62e2b-3275-47fb-8116-8607ea1541f5,,
135,TCGA-AK-3434-01Z-00-DX1.996B7B9A-9036-4C09-87DD-552170EE956D,,
136,TCGA-AK-3436-01A-01-BS1.4e91e3f2-5d3e-4b63-84f6-1ab5d1ea36f0,,
137,TCGA-AK-3436-01A-01-TS1.bbc5cea7-d210-485c-b5c8-8c056ce4c47a,,
138,TCGA-AK-3436-01A-02-BS2.9249ed3d-930d-4057-9fae-14b1c8297716,,
139,TCGA-AK-3436-01Z-00-DX1.E8C5CA5A-4DA0-4F66-818E-6C56B22C1EC1,,
140,TCGA-AK-3440-01A-01-BS1.ceabca88-ecca-4abb-84f1-984ad0f8d55c,,
141,TCGA-AK-3440-01A-01-TS1.7f5b1056-5573-4fca-ac91-6e6db367db46,,
142,TCGA-AK-3440-01A-02-BS2.bd19d599-ce58-43e3-9494-c23de1cf3eb3,,
143,TCGA-AK-3440-01Z-00-DX1.ea0763b1-4262-4c75-9f76-080af1ffeab7,,
144,TCGA-AK-3443-01A-01-BS1.2763cc61-8a02-4997-a34e-4c50987addf2,,
145,TCGA-AK-3443-01A-01-TS1.7d24c6f3-3119-4be2-888e-f4d51e94e71d,,
146,TCGA-AK-3443-01A-02-BS2.9a5b9b5e-aaac-4226-b88b-1c063a2a91e7,,
147,TCGA-AK-3443-01Z-00-DX1.bf067de8-9ca9-4be2-b064-2257ee323a09,,
148,TCGA-AK-3444-01A-01-BS1.c715ff45-01b4-439d-be6d-28984a8381c1,,
149,TCGA-AK-3444-01A-01-TS1.7bcd78f7-4d83-464c-a2e3-58e5e7feb71b,,
150,TCGA-AK-3444-01A-02-BS2.59ed7391-d793-4569-9645-aac2ea5d03b6,,
151,TCGA-AK-3444-01Z-00-DX1.1F0E0B47-29FF-456F-800A-539983FDCFAA,,
152,TCGA-AK-3445-01A-01-BS1.0496009e-99c6-41d3-97ab-620e332de516,,
153,TCGA-AK-3445-01A-02-BS2.86dc84d2-c899-4ad6-a66a-84e046f0e0f6,,
154,TCGA-AK-3445-01Z-00-DX1.FAD9A2F0-BDF8-445B-93C2-70AE41E246FB,,
155,TCGA-AK-3447-01A-01-BS1.d736ff05-4908-447f-8b63-334a59540b82,,
156,TCGA-AK-3447-01A-01-TS1.14cf1e9f-1c4e-4bd6-b29c-df82f09cd686,,
157,TCGA-AK-3447-01Z-00-DX1.3ed3ae76-21b2-46d0-bcb8-2d9ff54908ce,,
158,TCGA-AK-3450-01A-01-BS1.2ce3ef6b-538f-46ab-a75b-d40c4f6190f2,,
159,TCGA-AK-3450-01A-02-BS2.8f7ced99-624a-4928-b8af-6a02056b6acf,,
160,TCGA-AK-3450-01Z-00-DX1.84C9CCDE-F1FD-4BDC-B819-25078EF350A5,,
161,TCGA-AK-3451-01A-01-BS1.cba56a8c-b181-43af-8777-53ea8712b81e,,
162,TCGA-AK-3451-01Z-00-DX1.1CC3099A-F2E1-43D6-B9AC-8DC640ABB014,,
163,TCGA-AK-3453-01A-01-BS1.2a8eb25a-0832-4067-b385-dfdafbfa4ec0,,
164,TCGA-AK-3453-01A-01-TS1.e92c6041-deca-4b3d-9e36-22a5059edc41,,
165,TCGA-AK-3453-01A-02-BS2.9ee66023-5daf-4de6-b3b5-8a4780a8dccd,,
166,TCGA-AK-3453-01Z-00-DX1.39B363CD-9995-4077-9C44-3A2F4792A510,,
167,TCGA-AK-3454-01A-01-BS1.6301c221-2f31-479c-9532-b48550ad7aef,,
168,TCGA-AK-3454-01A-02-BS2.d5520c0d-310d-4b52-b13b-87435ada4859,,
169,TCGA-AK-3454-01Z-00-DX1.C6853BCF-0ECF-443A-8516-6D544C9BD456,,
170,TCGA-AK-3456-01A-01-BS1.7a03ec20-36a3-4139-8f7d-47ed25c601e3,,
171,TCGA-AK-3456-01A-01-TS1.7376e24a-6fd0-4f3b-8bd0-3fdf69c4d65f,,
172,TCGA-AK-3456-01A-02-BS2.4d4f769b-33e4-48ae-be3a-650b4a7b0a4e,,
173,TCGA-AK-3456-01Z-00-DX1.E853A155-6567-49B7-8364-C63BBEFC1339,,
174,TCGA-AK-3458-01A-01-BS1.8060f41b-d5b6-4a9e-a037-55c38d6cafdf,,
175,TCGA-AK-3458-01A-01-TS1.1e1846f0-3936-4380-b3b4-ed3da28c60f6,,
176,TCGA-AK-3458-01Z-00-DX1.45890D8B-B66A-49C9-983A-4A2AD6722076,,
177,TCGA-AK-3460-01A-01-BS1.2e9b2474-1467-41fe-93f7-1e7a563960af,,
178,TCGA-AK-3460-01Z-00-DX1.022F845F-72ED-482C-8AC6-F0DCF1CA8581,,
179,TCGA-AK-3461-01A-01-BS1.103f307d-7deb-4242-9a31-67279fa0d094,,
180,TCGA-AK-3461-01A-02-BS2.4e1995ca-9f74-4a5b-aa35-635b024daf86,,
181,TCGA-AK-3461-01Z-00-DX1.C63E8820-0A22-4567-B986-2958B4B73EA9,,
182,TCGA-AK-3465-01A-01-BS1.2dc224a1-0201-4630-a303-cbdd2d0d7ec8,,
183,TCGA-AK-3465-01A-01-TS1.477256c3-25cb-4b2e-8ae1-70a00310907b,,
184,TCGA-AK-3465-01Z-00-DX1.17a6b1da-f8b4-4bfb-98f0-6cf6a71f27d7,,
185,TCGA-AS-3777-01A-01-TS1.d1b5b7b7-aac2-44fb-815f-bde490643928,,
186,TCGA-AS-3777-01Z-00-DX1.3c2ee8f6-91f4-46e6-a84b-676d8560f3d4,,
187,TCGA-AS-3778-01A-01-BS1.838dc562-12f5-4b3d-8dd8-9363e00e9dd9,,
188,TCGA-AS-3778-01Z-00-DX1.E44DEEAC-DDAC-476A-A8EB-A7E3689B4121,,
189,TCGA-B0-4688-01A-01-BS1.ed05f493-a804-453a-bb92-bd0482588495,,
190,TCGA-B0-4688-01A-01-TS1.578195f9-af10-45df-917c-624c71b96e93,,
191,TCGA-B0-4688-01Z-00-DX1.cb882331-49f1-4662-b142-0e9836993eb4,,
192,TCGA-B0-4690-01A-01-BS1.9f27fbe1-f8e7-450a-9b87-7feb0e92bf1c,,
193,TCGA-B0-4690-01A-01-TS1.8d13dac8-dfbb-4cd5-82c5-293c62a87b6b,,
194,TCGA-B0-4690-01Z-00-DX1.efecabc0-bb34-41e4-b631-0b2043826124,,
195,TCGA-B0-4691-01A-01-BS1.37c026ae-98ed-439c-abe1-b4c0f41650f0,,
196,TCGA-B0-4691-01A-01-TS1.0c8e791d-54dc-4f30-985b-99962981da84,,
197,TCGA-B0-4691-01Z-00-DX1.789de56b-23df-47c5-a075-705edc9e6d44,,
198,TCGA-B0-4694-01A-01-BS1.9ff481af-8725-418c-9bac-15a278dcbe29,,
199,TCGA-B0-4694-01A-01-TS1.f191128c-8621-433e-9ea4-332010a66380,,
200,TCGA-B0-4694-01Z-00-DX1.beeee877-b7f3-4110-84e9-2db8be5667f5,,
201,TCGA-B0-4696-01A-01-BS1.802aa0c2-d722-46b1-9a66-29333abba34c,,
202,TCGA-B0-4696-01A-01-TS1.d56c89b6-cda6-45f7-965a-1cf6dc037ad1,,
203,TCGA-B0-4696-01Z-00-DX1.87ac4060-189a-4187-a7ed-9bc5fcfa6feb,,
204,TCGA-B0-4697-01A-01-BS1.c2517620-97eb-4f96-9099-44e940883632,,
205,TCGA-B0-4697-01A-01-TS1.5a12ae89-eadd-4754-a8da-8c916b407678,,
206,TCGA-B0-4697-01Z-00-DX1.f897b21b-75c7-4ebc-86d9-8d783b39fefa,,
207,TCGA-B0-4698-01A-01-BS1.6c07c221-172c-4244-890c-df21faec69fb,,
208,TCGA-B0-4698-01Z-00-DX1.e50fd25d-db5f-419f-b400-911fce1333d0,,
209,TCGA-B0-4699-01A-01-BS1.cdb8ebe8-0b5f-4b9f-8674-99f11a560624,,
210,TCGA-B0-4699-01A-01-TS1.34f8c510-bd52-4958-b43f-91517a0d8d23,,
211,TCGA-B0-4699-01Z-00-DX1.18b6d6e7-6e37-4bcd-922c-ce81e2e81067,,
212,TCGA-KL-8323-01A-01-BS1.1cb2c073-2b42-4ac5-8dae-1fff5a015260,,
213,TCGA-KL-8323-01Z-00-DX1.01d72f6a-cc87-4082-8af4-738250ec4d9c,,
214,TCGA-KL-8324-01A-01-BS1.5668efb5-e446-4aef-a7c8-6662c1bba287,,
215,TCGA-KL-8324-01A-01-TS1.20a2ebb7-ea3e-45cf-b401-be034131177e,,
216,TCGA-KL-8325-01A-01-BS1.bff0bad0-1538-4fc7-80f8-a3f03980e1e5,,
217,TCGA-KL-8325-01A-01-TS1.a899a903-f702-4de7-bc9a-ef58aa58bdb4,,
218,TCGA-KL-8326-01A-01-TS1.56c60cff-8664-44c4-ab20-e3937966fd0a,,
219,TCGA-KL-8328-01Z-00-DX1.497ddcb5-0436-4c76-a633-4744e24e6efe,,
220,TCGA-KL-8330-01A-01-BS1.191e5013-1371-43f9-a9a2-c9bc09cbeaaf,,
221,TCGA-KL-8330-01Z-00-DX1.30a61e5b-9379-498a-9aa4-60fd7a3a2f32,,
222,TCGA-KL-8331-01A-01-BS1.67842e81-76d7-4553-b247-cef29277ec3f,,
223,TCGA-KL-8331-01A-01-TS1.a494f319-b620-488c-b926-113aeafcfa70,,
224,TCGA-KL-8331-01Z-00-DX1.3c39f9b9-b639-4bca-a415-bf7427ea2ba5,,
225,TCGA-KL-8333-01A-01-BS1.74aae00f-7043-44e4-9212-eb1297739f5a,,
226,TCGA-KL-8333-01A-01-TS1.70a63073-a6ee-4e2d-81e7-286a6ee3378e,,
227,TCGA-KL-8333-01Z-00-DX1.830e3f78-ba43-4b42-b2b5-f3be10d2b781,,
228,TCGA-KL-8334-01A-01-TS1.c33297fb-f9fe-4c51-92b3-20c4491c0bea,,
229,TCGA-KL-8335-01A-01-BS1.601a7652-cc4d-482b-9ee1-6826e6598a9c,,
230,TCGA-KL-8335-01Z-00-DX1.3F291515-CD98-4D8F-A255-A10A69139242,,
231,TCGA-KL-8336-01A-01-BS1.04e6516e-62b1-4585-98d6-11cccedfe586,,
232,TCGA-KL-8336-01A-01-TS1.110ebc7a-7795-4bc3-8f32-e426cc0500da,,
233,TCGA-KL-8336-01Z-00-DX1.bfba9373-efa8-4573-8ee6-8ac961f0b65a,,
234,TCGA-KL-8337-01A-01-BS1.270aedaf-9f6f-4ecb-bfad-474d75e98a13,,
235,TCGA-KL-8337-01A-01-TS1.c336c0df-73fe-4a99-8dba-90ba0b37a8af,,
236,TCGA-KL-8337-01Z-00-DX1.78306056-304b-44c3-87cd-46d3785b7204,,
237,TCGA-KL-8338-01A-01-BS1.eb6d09fd-b0ee-4d6f-b66e-f09d7494c8d4,,
238,TCGA-KL-8338-01Z-00-DX1.c3febc9e-8adc-49e0-9ce1-9d2dcc79c09c,,
239,TCGA-KL-8339-01A-01-BS1.16f42cbc-2401-4708-af14-b1f0368ca7c8,,
240,TCGA-KL-8339-01Z-00-DX1.5826ea77-f0a1-4b47-acd7-62a6ba878dec,,
241,TCGA-KL-8340-01A-01-BS1.50c75bbd-45d7-4179-b3e9-fef5a278eb1e,,
242,TCGA-KL-8340-01A-01-TS1.5a6db076-ea48-4b67-9879-c07bd98a1e34,,
243,TCGA-KL-8340-01Z-00-DX1.85fe33f4-87d5-4e36-9389-d093cde30f80,,
244,TCGA-KL-8341-01A-01-BS1.8b809f3b-9a40-4dbe-bd3c-2ae9a56d5f59,,
245,TCGA-KL-8341-01A-01-TS1.5dbe201c-1eda-4772-ae7c-317df15bfd4e,,
246,TCGA-KL-8341-01Z-00-DX1.eb0da21c-75f5-4de5-a753-12666eff0030,,
247,TCGA-KL-8342-01A-01-BS1.47c4dc4a-bbd6-4fbb-80fb-18878e55225c,,
248,TCGA-KL-8342-01A-01-TS1.a9a851bd-38cc-4068-98dd-f82b5eff7eda,,
249,TCGA-KL-8342-01Z-00-DX1.a0dac779-03d7-4041-9e56-b33e548d5567,,
250,TCGA-KL-8343-01A-01-BS1.c029096b-98e5-4ae9-bf0e-a6a820b44110,,
251,TCGA-KL-8343-01A-01-TS1.04fc0286-31c5-4f18-a81a-53b2c279bb34,,
252,TCGA-KL-8345-01A-01-BS1.4fc5a94c-8030-4d18-af9c-918bab941839,,
253,TCGA-KL-8345-01Z-00-DX1.e6265e77-7c45-4e54-a703-6d2013aba525,,
254,TCGA-KL-8346-01A-01-TS1.718265b1-3ada-4ca3-a196-12851fcc0485,,
255,TCGA-KL-8346-01Z-00-DX1.af2fc9c2-98b7-471f-9777-08c7cc8c734e,,
256,TCGA-KN-8418-01A-01-BS1.33724f8a-4af2-4562-a7c0-8edab90a0d38,,
257,TCGA-KN-8418-01A-01-TS1.dbb966a5-187c-4745-93fc-0078c95584af,,
258,TCGA-KN-8418-01Z-00-DX1.376DD52D-EF98-4564-B8E3-FE4D219A5C88,,
259,TCGA-KN-8421-01A-01-BS1.c51ebdfb-cab9-4ce0-9b11-1cb41146d293,,
260,TCGA-KN-8421-01A-01-TS1.c88d72da-ac49-43fb-ad5b-483399b88a2f,,
261,TCGA-KN-8421-01Z-00-DX1.A90EB3F7-DE68-4078-BB5B-B35561F96071,,
262,TCGA-KN-8423-01A-01-BS1.1036f268-941f-4b0a-8187-e0399a5b9509,,
263,TCGA-KN-8423-01A-01-TS1.eba5d6a8-6725-474b-8c30-b7df1c0c21c5,,
264,TCGA-KN-8423-01Z-00-DX1.EE5F8790-38EB-437F-9C5A-BC6FB58F6ACD,,
265,TCGA-A4-7288-01A-01-BS1.6e644655-ddc6-4615-ae47-e19b2e816756,,
266,TCGA-A4-7288-01A-01-TS1.1eaf410b-8972-491b-bd6f-53b5c2d98ad7,,
267,TCGA-A4-7288-01Z-00-DX1.48597193-160b-486a-9711-f26d24dabeb5,,
268,TCGA-A4-7583-01A-01-BS1.2ac3c255-8829-479e-b150-8df1222ae342,,
269,TCGA-A4-7583-01A-01-TS1.be30af78-d808-4bea-88b4-0bc7c0e1bba7,,
270,TCGA-A4-7583-01Z-00-DX1.c958bf2d-ad61-4b21-93fd-afb5ac110e55,,
271,TCGA-A4-7584-01A-01-BS1.0a52d8de-7037-4276-83a6-26cba61b0f4b,,
272,TCGA-A4-7584-01A-01-TS1.6c827cfa-f7a1-4e68-922b-8f112b4bd521,,
273,TCGA-A4-7584-01Z-00-DX1.ffa7e13e-0ed8-4913-a0f0-51b36f4d858c,,
274,TCGA-A4-7734-01A-01-BS1.f78da1a2-d49b-431f-8c3c-4a3f815a4f65,,
275,TCGA-A4-7734-01A-01-TS1.1c075d44-1c15-4662-bc24-c88a01a6d18a,,
276,TCGA-A4-7734-01Z-00-DX1.bb749d31-64c6-4b2e-a729-3a903e18fc1c,,
277,TCGA-A4-7828-01A-01-TS1.4ea13f81-8a12-411e-b773-fd0e6c4c6b32,,
278,TCGA-A4-7828-01Z-00-DX1.66478CFF-76ED-4A04-A046-26155E15F124,,
279,TCGA-A4-7996-01A-01-BS1.872f6ed9-4247-44fb-a450-a45c91ab09da,,
280,TCGA-A4-7996-01A-01-TS1.af0db20c-1e46-416d-b76a-ac9b7354a5d4,,
281,TCGA-A4-7996-01Z-00-DX1.19a1ff6e-eddb-4d9b-ab3a-938d10876c59,,
282,TCGA-A4-7997-01A-01-BS1.64f37ee9-105d-4eff-9a91-6f903568d83f,,
283,TCGA-A4-7997-01A-01-TS1.4b30b38f-c85e-4b7d-a125-7d6ebd25f246,,
284,TCGA-A4-7997-01Z-00-DX1.aa4e2dd8-fac9-43ae-9634-4a3612d8c154,,
285,TCGA-A4-8098-01Z-00-DX1.2ac5ab19-544e-4ba5-8b82-7810dcd45fa4,,
286,TCGA-A4-8311-01A-01-TS1.079159ec-281f-41e8-a16e-15e0671eeb40,,
287,TCGA-A4-8311-01Z-00-DX1.FB9D31D4-051B-48E6-BCDB-918EF8B88895,,
288,TCGA-A4-8312-01A-01-TS1.eeb22dcd-9554-42fc-8a69-e69e21276c1a,,
289,TCGA-A4-8312-01Z-00-DX1.B59C24F4-205D-40C1-8DB3-4D78AE8D5826,,
290,TCGA-A4-8515-01A-01-TS1.ce218f15-d6c6-4f69-9012-87d1d6a127c0,,
291,TCGA-A4-8515-01Z-00-DX1.94C9B5F6-9F1F-4D28-8F2B-034AAE18A2CE,,
292,TCGA-A4-8516-01A-01-TS1.9835ea41-0aee-41cf-a0f2-2721795b8bde,,
293,TCGA-A4-8516-01Z-00-DX1.BC50439D-E5E5-45A1-8067-6B8FB0C1E096,,
294,TCGA-A4-8517-01A-01-TS1.32b79017-2687-43fe-b411-97618bc9c28a,,
295,TCGA-A4-8517-01Z-00-DX1.637AFB7A-BB67-40D6-AA45-4F119D73D0DD,,
296,TCGA-A4-A48D-01A-01-TS1.4CD7264E-488C-428B-A540-36A7F80BDA02,,
297,TCGA-A4-A48D-01Z-00-DX1.005D0B63-B612-4273-86B5-DBAE5246024C,,
298,TCGA-A4-A57E-01A-01-TS1.0D3F64CF-C097-4CC2-8A96-2B6911077CFD,,
299,TCGA-A4-A57E-01Z-00-DX1.364D4762-64D9-4F71-8E33-1F6B058054F2,,
300,TCGA-A4-A5DU-01A-01-TS1.66070B4B-C12F-427F-A836-911352334624,,
301,TCGA-A4-A5DU-01Z-00-DX1.ACCD40B6-CC28-4E89-B9A9-9199F0541075,,
302,TCGA-A4-A5XZ-01A-01-TS1.9F7C575A-8776-4A89-ACC2-E46BC43F2891,,
303,TCGA-A4-A5XZ-01Z-00-DX1.91B936FA-1697-4571-800D-F45B68596A58,,
304,TCGA-AL-3466-01A-01-BS1.65799ab8-3912-45fa-aa2a-b7a3282a4121,,
305,TCGA-AL-3466-01A-01-TS1.a7b1b3db-f968-4b02-ae59-634eeae9ac3d,,
306,TCGA-AL-3466-01A-02-BS2.9ae24dbf-65ff-4385-b83a-ede7e28681cc,,
307,TCGA-AL-3466-01Z-00-DX1.938976FB-8A0A-426B-B673-7C485D28ADF6,,
308,TCGA-AL-3466-01Z-00-DX2.8E4372BE-42C2-4FD7-9CD8-78CC66E3E434,,
309,TCGA-AL-3467-01A-01-BS1.54c3ea2c-5daa-4f28-b47f-44dd92e96faf,,
310,TCGA-AL-3467-01A-01-TS1.a4e25066-7012-4cb8-911b-3c317adb081f,,
311,TCGA-AL-3467-01Z-00-DX1.89C0449A-A38F-4614-86FC-DDFD925086D7,,
312,TCGA-AL-3467-01Z-00-DX2.3ADEDD93-AD93-46D8-B3AE-1EBC6BD5EAF2,,
313,TCGA-AL-3468-01A-01-BS1.36f9b924-519d-4f52-b591-ca88bf464fcf,,
314,TCGA-AL-3468-01A-01-TS1.9d4454a3-27d5-40c2-a071-779859eb5835,,
315,TCGA-AL-3468-01A-02-BS2.e9647dba-8078-4256-8153-bd88c5f84ac3,,
316,TCGA-AL-3468-01Z-00-DX1.F86A4811-D60C-4845-A7A5-B7C7BE202202,,
317,TCGA-AL-3468-01Z-00-DX2.B7D8DCCE-C015-4284-96EF-ED7F4A7771B7,,
318,TCGA-AL-3471-01A-01-BS1.80acc16c-e721-4b53-a250-dfeda78fcee7,,
319,TCGA-AL-3471-01A-01-TS1.923b75e3-6d80-494a-8b21-c8ef22d52ad2,,
320,TCGA-AL-3471-01A-02-BS2.1a038ab6-fa9f-40bb-95bf-919da5024659,,
321,TCGA-AL-3472-01A-01-BS1.a2d80b49-70d0-49f2-8057-198df3c8bdf7,,
322,TCGA-AL-3472-01A-01-TS1.9d93c5bd-dc33-4534-b7b4-df6e1db4386b,,
323,TCGA-AL-3472-01Z-00-DX1.66FF9A6E-2851-4E32-A10C-62EB7568AFC3,,
324,TCGA-AL-3472-01Z-00-DX2.C7BF0356-F099-4070-8824-1AC3339E9F59,,
325,TCGA-AL-7173-01A-01-BS1.0e08301c-395d-4c11-94b7-24634940b4fc,,
326,TCGA-AL-7173-01A-01-TS1.6614db3a-07c6-48d6-a24d-aa136dbb5b35,,
327,TCGA-AL-7173-01Z-00-DX1.91ba65ea-9eca-4ee0-b31b-95a3a27cfb81,,
328,TCGA-AL-A5DJ-01A-01-TS1.C45197CD-3604-4F0E-81DD-7F4F61E51296,,
329,TCGA-AL-A5DJ-01Z-00-DX1.AF15A60D-67BF-47AB-8AE3-CCBE6DDAF86D,,
330,TCGA-AT-A5NU-01A-01-TS1.0138BC80-F4F4-4F8C-BEC0-B22CA457A518,,
331,TCGA-AT-A5NU-01Z-00-DX1.6A8FAEC2-3E1B-4BAD-A7EB-F861324D4CB4,,
332,TCGA-B1-7332-01A-01-BS1.44a02829-8f96-4125-8caa-d999c75f512b,,
333,TCGA-B1-7332-01A-01-TS1.dd04b2a4-412a-4c05-88f7-62a6706defbb,,
334,TCGA-B1-7332-01Z-00-DX1.a04eb9f5-6b35-4877-8b54-f675fab63925,,
335,TCGA-B1-A47M-01A-01-TS1.EB82B996-848A-4882-B24B-5CAEF98143E7,,
336,TCGA-B1-A47M-01Z-00-DX1.B049A5A8-406C-4208-BB5E-2CA42D063D16,,
337,TCGA-B1-A47N-01A-01-TSA.78F2F407-3861-4176-87F3-3099E5F9CBC8,,
338,TCGA-B1-A47N-01Z-00-DX1.DFEAF807-D0FB-4967-8E50-07B42ECABFE5,,
339,TCGA-B1-A47O-01A-01-TSA.2C8982BC-6860-4AB0-ADC1-AE5A5C6EFB31,,
340,TCGA-B1-A47O-01Z-00-DX1.AFF4F6F0-BF6F-45DE-BC24-A25F5CD3B43A,,
341,TCGA-B3-3925-01A-01-BS1.f054329a-7331-4254-a683-6bf3610fbed7,,
342,TCGA-B3-3925-01A-01-TS1.d1373e0d-8446-45fa-b1da-58906b7bfc2e,,
343,TCGA-B3-3925-01A-02-BS2.dadad44c-982b-4c10-bdc3-4d5b222b24b3,,
344,TCGA-B3-3925-01Z-00-DX1.cb28f651-66c0-4746-a5df-b382d9d267c2,,
345,TCGA-B3-4103-01A-01-BS1.0b542850-921d-4e0e-9ac3-06e1ce588991,,
346,TCGA-B3-4103-01A-01-TS1.3080709e-8c09-41cd-8945-8af3e34dd42f,,
347,TCGA-B3-4103-01A-02-BS2.0921c29b-5607-4d46-8cd4-7eccaa74b9b7,,
348,TCGA-B3-4103-01Z-00-DX1.76bba2e9-0a6d-460b-8ae8-c38a1109456e,,
349,TCGA-B3-4104-01A-01-BS1.0c573777-a4ef-4cd2-9123-5a51593b17b0,,
350,TCGA-B3-4104-01A-01-TS1.bf5040b0-52b5-4c55-a7b8-70291f8ce86b,,
351,TCGA-B3-4104-01A-02-BS2.676baeba-e33e-4a68-820c-ab35e0235760,,
352,TCGA-B3-4104-01Z-00-DX1.0783e269-2e8a-4f32-b910-807a727db247,,
353,TCGA-B3-8121-01A-01-BS1.f96625c6-dfdd-4438-9095-1567cf955aed,,
354,TCGA-B3-8121-01Z-00-DX1.1F484841-E8CA-4783-B75A-7923A11D5BDA,,
355,TCGA-B9-4114-01A-01-BS1.62499361-fcb7-46dd-8505-6856dbe9bb57,,
356,TCGA-B9-4114-01A-01-TS1.960ba746-070b-4907-91b9-9867c0ca4cd1,,
357,TCGA-B9-4114-01Z-00-DX1.c3079ce3-5221-461f-a7dd-427d0b7aaad8,,
358,TCGA-B9-4115-01A-01-BS1.72e68269-9175-465d-80be-f53dc93dde08,,
359,TCGA-B9-4115-01A-01-TS1.66ca00b7-f032-4d95-a790-b1f122100ee1,,
360,TCGA-B9-4115-01Z-00-DX1.39db8eab-aa1c-4a31-9577-f19eebdbba93,,
361,TCGA-B9-4116-01A-01-BS1.2e62bc60-29f4-48b9-8fd6-a58b118adf9c,,
362,TCGA-B9-4116-01A-01-TS1.962d8435-4027-442c-8c91-db64c5ba9119,,
363,TCGA-B9-4116-01Z-00-DX1.96946ff8-f67c-42ce-a75a-5e901bc02c1d,,
364,TCGA-B9-4117-01A-01-BS1.9ced7fda-67af-45ad-b859-5494438f4b63,,
365,TCGA-B9-4117-01A-01-TS1.faa97d9a-793f-473a-8d69-96a229ff4f1e,,
366,TCGA-B9-4117-01A-02-BS2.10513585-2f07-48e8-9f22-ad26868d3647,,
367,TCGA-B9-4117-01Z-00-DX1.9c2239e4-0bff-4482-914d-fd59afde75ab,,
368,TCGA-B9-4617-01A-01-BS1.0b21d202-4ee1-4cf0-833d-26ca9568a101,,
369,TCGA-B9-4617-01Z-00-DX1.d890e850-cc29-49f8-b854-cbe9a9a73c95,,
370,TCGA-B9-5156-01A-01-BS1.2835869e-c55a-44b0-b8ee-f70f122b43d0,,
371,TCGA-B9-5156-01A-01-TS1.bdfcb7e9-7590-43c9-9064-188abea017ec,,
372,TCGA-B9-5156-01Z-00-DX1.200621df-b59f-4c69-957c-65aebfe855a8,,
373,TCGA-B9-A44B-01A-01-TS1.4D518977-CABB-4BF9-9B58-7F2DDA169A96,,
374,TCGA-B9-A44B-01Z-00-DX1.0DB33EE7-EA4F-45E1-A90D-E5635383E6F7,,
375,TCGA-B9-A5W8-01A-01-TS1.3548E9CD-0572-4AB8-BEB1-30FE833247D3,,
376,TCGA-B9-A5W8-01Z-00-DX1.4AF63260-F90E-4F41-83E6-BC5FBC7F71ED,,
377,TCGA-B9-A5W9-01A-01-TS1.162D7CF3-23B2-4C4B-8F5F-0D6295E5CD16,,
378,TCGA-B9-A5W9-01Z-00-DX1.3F74793F-9362-4FBE-BDBF-1DDFB876B000,,
379,TCGA-BQ-5875-01A-01-BS1.7899849a-8506-4098-89d2-d045567dd0f3,,
380,TCGA-BQ-5875-01A-01-TS1.03879c22-0c80-4b4f-9429-03477242c682,,
381,TCGA-BQ-5875-01Z-00-DX1.8dfe43ac-98ed-49b7-9da0-8a831f323edd,,
382,TCGA-BQ-5876-01A-01-TS1.af3c25d7-5507-4dd5-b0a8-fafe76f9cd06,,
383,TCGA-BQ-5876-01Z-00-DX1.290a8bb2-ef37-4944-aff9-cbc2509de32a,,
384,TCGA-BQ-5877-01A-01-BS1.4e1a3293-5253-46b4-9c2e-5a3282cf101d,,
385,TCGA-BQ-5877-01A-01-TS1.e7bb58de-639f-45b0-8227-f81803dcdf23,,
386,TCGA-BQ-5877-01Z-00-DX1.3060d47f-0bc6-4a81-82ba-bf596d790f0f,,
387,TCGA-BQ-5879-01A-01-BS1.3ea35a60-790a-4794-949c-be56f50e17f6,,
388,TCGA-BQ-5879-01A-01-TS1.d83f2500-66bc-4456-8c94-59b36c7e1774,,
389,TCGA-BQ-5879-01Z-00-DX1.682ab315-998b-4379-8492-3b422ce06308,,
390,TCGA-BQ-5880-01A-01-BS1.564238ae-e5a6-43af-9990-2788a616624d,,
391,TCGA-BQ-5880-01A-01-TS1.9706836f-053d-4180-84de-645bd902476e,,
392,TCGA-BQ-5880-01Z-00-DX1.c1d047b5-0fce-4f4f-b888-5ecbb6762cc8,,
393,TCGA-BQ-5881-01A-01-BS1.bc7a5035-47bc-48d6-97d4-402b73e0cbff,,
394,TCGA-BQ-5881-01A-01-TS1.f1b0826e-e040-4b75-b9b4-46c8fe8d5f63,,
395,TCGA-BQ-5881-01Z-00-DX1.5eff6d78-773a-49d6-be59-de63172d543c,,
396,TCGA-BQ-5882-01A-01-BS1.8bbe82b4-07b2-40fe-9110-f9aa18fd104c,,
397,TCGA-BQ-5882-01A-01-TS1.542380da-1440-4057-8263-0ea11cbbbab8,,
398,TCGA-BQ-5882-01Z-00-DX1.c360e990-452e-4621-bd79-fe1dabf15ed0,,
399,TCGA-BQ-5883-01A-01-BS1.581bee83-d133-4bbc-9e80-65eb6c836af3,,
400,TCGA-BQ-5883-01A-01-TS1.cf87e629-a277-41d3-93b5-750f088deb78,,
